INSERT INTO STORE VALUES('12345', '7066636290', '6204689678');
INSERT INTO MANAGER VALUES('7066636290', 'Jason', 'Smith', 'Store', '50.72', '518277758', 'Ray');
INSERT INTO MANAGER VALUES('2119709289','Omer','Rubhani','Janitorial','27.60','984649826','John');
INSERT INTO MANAGER VALUES('8856474475','Nate','Parrish','Childrens','17.25','809715585','Lee');
INSERT INTO MANAGER VALUES('3237528806','Michael','Kessler','Mens','28.26','974863016','Allen');
INSERT INTO MANAGER VALUES('7022483073','Nir','Gilgur','Shoes','30.77','665310543','Peter');
INSERT INTO MANAGER VALUES('9104932308','James','Brown','Womens','25.28','621965046','David');
INSERT INTO EMPLOYEE VALUES ('4941732246','391470494','rnucciotti0@twitter.com','3749907418','2119709289','9.95','Vaughan','Nucciotti','Reinhold','240 Packers Trail');
INSERT INTO EMPLOYEE VALUES ('6632723087','193255248','acleall1@statcounter.com','1295937662','2119709289','8.51','Abraham','Cleall','Adler','918 Manley Crossing');
INSERT INTO EMPLOYEE VALUES ('1005135750','441386029','gmatanin2@simplemachines.org','6383061371','2119709289','12.68','Fanechka','Matanin','Gabbey','63643 Carpenter Lane');
INSERT INTO EMPLOYEE VALUES ('7772735652','882873412','lbotterell3@google.nl','0966947105','8856474475','9.08','Aryn','Botterell','Lira','262 Harper Center');
INSERT INTO EMPLOYEE VALUES ('8286492992','492351026','jace4@google.co.jp','8700046167','8856474475','9.05','Brent','Ace','Jacob','85646 Lakewood Court');
INSERT INTO EMPLOYEE VALUES ('8319107238','671830559','sdebold5@patch.com','3739372621','8856474475','13.54','Archibald','Debold','Siffre','73845 Hallows Terrace');
INSERT INTO EMPLOYEE VALUES ('4532161982','108168716','shardacre6@wisc.edu','1975153987','3237528806','10.23','Claudianus','Hardacre','Sarina','3571 Bartelt Street');
INSERT INTO EMPLOYEE VALUES ('5698010739','269803604','jclubley7@webnode.com','3547615329','3237528806','14.11','Curcio','Clubley','Judie','65 Glendale Alley');
INSERT INTO EMPLOYEE VALUES ('4153013526','174347782','dhaville8@edublogs.org','4641704545','3237528806','13.79','Janetta','Haville','Dru','70010 Monument Crossing');
INSERT INTO EMPLOYEE VALUES ('3106242158','372707090','jmattholie9@illinois.edu','6080122675','7022483073','9.94','Markus','Mattholie','Jobey','93 Manufacturers Alley');
INSERT INTO EMPLOYEE VALUES ('3681516074','195411547','mgreydona@github.io','5242768451','7022483073','12.71','Alasteir','Greydon','Milena','3 Gina Hill');
INSERT INTO EMPLOYEE VALUES ('1466736122','147593197','rsemirasb@storify.com','3428515249','7022483073','8.71','Gene','Semiras','Randall','204 Fisk Lane');
INSERT INTO EMPLOYEE VALUES ('8301127845','663465505','kshearmurc@mapquest.com','7705888996','9104932308','9.37','Emanuele','Shearmur','Konstantin','168 Johnson Avenue');
INSERT INTO EMPLOYEE VALUES ('7042122757','279054667','myvond@zimbio.com','3310615767','9104932308','13.25','Abbey','Yvon','Morena','4277 Linden Lane');
INSERT INTO EMPLOYEE VALUES ('3548057937','961454503','dbesse@lycos.com','6998867345','9104932308','8.23','Sidonnie','Bess','Drucie','26 Hazelcrest Junction');
INSERT INTO USERS VALUES ('6604725132','Derward','Hoofe','2760202574','616','3 Union Lane');
INSERT INTO USERS VALUES ('0290577461','Clarette','Randell','7278655637','249','8 Morningstar Terrace');
INSERT INTO USERS VALUES ('0310096669','Alfonso','Muglestone','9439606697','930','79790 Schmedeman Center');
INSERT INTO USERS VALUES ('6823578230','Horacio','Joicey','0329822341','445','7818 Ruskin Drive');
INSERT INTO USERS VALUES ('2629080114','Hollyanne','Davenhill','4440309215','543','50 Nobel Circle');

SELECT * FROM STORE;
SELECT * FROM MANAGER;
SELECT * FROM EMPLOYEE;
SELECT * FROM USERS;

